Denumire produs,Categorie,Cantitate,Pret,Valoare totala,Furnizor
Laptop HP,Laptop,3,1498.99,4496.97,IT Smart Distribution
Asus Gaming,Laptop,4,2498.99,9995.96,IT Smart Distribution
Dell Inspiron,Laptop,5,1298.99,6494.95,IT Smart Distribution
HP Gaming Omen,Laptop,4,3598.99,14395.96,IT Smart Distribution
Samsung Galaxy A70,Smartphone,5,1699.99,8499.95,Soft Business
Xiaomi Mi Pro,Smartphone,7,2149.99,15049.93,Soft Business
Apple Iphone 11,Smartphone,4,3849.99,15399.96,Soft Business
Apple Iphone Xs,Smartphone,6,3399.99,20399.94,Soft Business
Xiaomi Redmi ,Smartphone,14,499.99,6999.86,Soft Business
Samsung Smart TV,Televizor,5,1498.99,7494.95,IT Smart Distribution
Horizon Dimanat,Televizor,13,348.99,4536.87,IT Smart Distribution
LG Smart TV,Televizor,10,1578.99,15789.9,IT Smart Distribution
Brother HL Laser,Imprimante,13,388.99,5056.87,GSM IT
Epson L1110 Inkjet,Imprimante,5,598.99,2994.95,GSM IT
Xerox Phaser,Imprimante,6,307.99,1847.94,GSM IT
Boxe Logitech Z150,Audio,5,99.99,499.95,Tech Systems
Boxe Genius SP,Audio,5,37.99,189.95,Tech Systems
Casti Over-Head,Audio,3,76.48,229.44,Tech Systems
Camera Navitel,Video,4,268.99,1075.96,Tech Systems
Camera SJCAM Dash,Video,6,378.98,2273.88,Tech Systems
PNY Nvidia Quadro,Placi video,3,984.17,2952.51,Tech Systems
