Furnizor,id_furnizor,Nr telefon,Cantitate produsa
IT Smart Distribution,1,762542125,125
IT Smart Distribution,1,730254125,125
IT Smart Distribution,1,753154846,458
IT Smart Distribution,1,701254875,412
Soft Business,8,745854589,236
Soft Business,8,725841578,254
Soft Business,8,725483654,365
Soft Business,8,725484796,210
Soft Business,8,725438864,254
IT Smart Distribution,3,756798574,120
IT Smart Distribution,3,757445875,56
IT Smart Distribution,3,758754587,362
GSM IT,5,752857575,120
GSM IT,5,754885752,254
GSM IT,5,758412563,215
Tech Systems,6,754152369,210
Tech Systems,6,712487569,254
Tech Systems,6,758426896,125
Tech Systems,6,741275365,100
Tech Systems,6,754896532,210
Tech Systems,6,754875584,231
