Denumire produs,Categorie,Cantitate,Pret,Valoare totala,Furnizor,id_furnizor
Laptop HP,Laptop,3,1498.99,4496.97,IT Smart Distribution,1
Asus Gaming,Laptop,4,2498.99,9995.96,IT Smart Distribution,1
Dell Inspiron,Laptop,5,1298.99,6494.95,IT Smart Distribution,1
HP Gaming Omen,Laptop,4,3598.99,14395.96,IT Smart Distribution,1
Samsung Galaxy A70,Smartphone,5,1699.99,8499.95,Soft Business,8
Xiaomi Mi Pro,Smartphone,7,2149.99,15049.93,Soft Business,8
Apple Iphone 11,Smartphone,4,3849.99,15399.96,Soft Business,8
Apple Iphone Xs,Smartphone,6,3399.99,20399.94,Soft Business,8
Xiaomi Redmi ,Smartphone,14,499.99,6999.86,Soft Business,8
Samsung Smart TV,Televizor,5,1498.99,7494.95,IT Smart Distribution,3
Horizon Dimanat,Televizor,13,348.99,4536.87,IT Smart Distribution,3
LG Smart TV,Televizor,10,1578.99,15789.9,IT Smart Distribution,3
Brother HL Laser,Imprimante,13,388.99,5056.87,GSM IT,5
Epson L1110 Inkjet,Imprimante,5,598.99,2994.95,GSM IT,5
Xerox Phaser,Imprimante,6,307.99,1847.94,GSM IT,5
Boxe Logitech Z150,Audio,5,99.99,499.95,Tech Systems,6
Boxe Genius SP,Audio,5,37.99,189.95,Tech Systems,6
Casti Over-Head,Audio,3,76.48,229.44,Tech Systems,6
Camera Navitel,Video,4,268.99,1075.96,Tech Systems,6
Camera SJCAM Dash,Video,6,378.98,2273.88,Tech Systems,6
PNY Nvidia Quadro,Placi video,3,984.17,2952.51,Tech Systems,6
